post_id,platform,post_type,content_topic,created_at,pred_estimated_donation_value_php,donation_referrals,estimated_donation_value_php
318,WhatsApp,FundraisingAppeal,Education,2023-01-05 18:52:00,19408.324153460017,10,21473.25
529,Instagram,EducationalContent,Education,2023-01-06 11:30:00,4575.7926004362125,2,4708.45
86,LinkedIn,EventPromotion,Reintegration,2023-01-08 10:14:00,8760.541651918202,0,0.0
380,Instagram,ThankYou,Education,2023-01-09 15:06:00,321.25437711114205,0,0.0
425,TikTok,ThankYou,Education,2023-01-09 15:59:00,13807.03467694985,2,8351.49
807,Instagram,EventPromotion,CampaignLaunch,2023-01-12 13:41:00,3648.2765120937815,1,3516.65
757,Facebook,FundraisingAppeal,Health,2023-01-17 13:25:00,20941.56412759172,6,27029.1
554,Twitter,FundraisingAppeal,CampaignLaunch,2023-01-17 18:22:00,43226.78973798544,14,55256.28
736,YouTube,EventPromotion,Education,2023-01-19 16:38:00,14006.874072711704,2,6056.45
148,YouTube,EducationalContent,Gratitude,2023-01-19 18:36:00,5506.980817577796,1,4623.84
537,WhatsApp,Campaign,SafehouseLife,2023-01-19 19:29:00,21766.031012314033,7,40736.87
507,Twitter,ImpactStory,AwarenessRaising,2023-01-20 09:37:00,44207.82867948996,12,39786.25
226,Instagram,Campaign,AwarenessRaising,2023-01-24 13:34:00,90245.4486686687,32,27427.85
657,WhatsApp,FundraisingAppeal,Education,2023-01-25 04:31:00,265.54633114002115,0,0.0
714,Twitter,Campaign,Education,2023-01-27 22:40:00,5456.665401088411,2,3650.81
157,Instagram,EducationalContent,DonorImpact,2023-01-28 02:19:00,24.88246847250979,0,0.0
733,Twitter,ImpactStory,Gratitude,2023-01-31 01:44:00,5997.009135085136,1,4431.22
324,Instagram,Campaign,Education,2023-01-31 18:27:00,3798.591697804948,1,2107.99
808,Twitter,FundraisingAppeal,Health,2023-02-01 06:33:00,4781.92035460134,2,2677.48
297,LinkedIn,EducationalContent,AwarenessRaising,2023-02-07 09:31:00,2778.9001992032945,0,0.0
115,TikTok,Campaign,DonorImpact,2023-02-08 19:23:00,28488.518992883837,9,28551.49
16,Facebook,EducationalContent,Reintegration,2023-02-09 00:52:00,84.16606226677486,0,0.0
523,WhatsApp,FundraisingAppeal,AwarenessRaising,2023-02-09 04:28:00,39.55891515711517,0,0.0
292,YouTube,ImpactStory,Reintegration,2023-02-14 16:41:00,690613.5384999992,197,801434.24
135,WhatsApp,Campaign,Education,2023-02-14 21:48:00,103715.88748059203,14,82822.12
296,Instagram,ImpactStory,Education,2023-02-18 14:30:00,44041.95043148947,16,20949.08
794,LinkedIn,EventPromotion,EventRecap,2023-02-20 15:15:00,5.248453266193094,0,0.0
207,LinkedIn,Campaign,Gratitude,2023-02-21 00:01:00,108.18544205357396,0,0.0
689,Twitter,EducationalContent,Reintegration,2023-02-21 08:40:00,23468.1699304271,4,7591.0
632,WhatsApp,ImpactStory,Health,2023-02-21 16:37:00,84417.54730083336,17,34810.04
154,Facebook,EventPromotion,Reintegration,2023-02-23 10:40:00,14640.464082831628,1,4502.18
734,Instagram,ImpactStory,DonorImpact,2023-02-27 11:15:00,187900.1835241138,48,210848.57
46,Twitter,ThankYou,Education,2023-02-27 12:51:00,31.145301110570667,0,0.0
8,Instagram,EducationalContent,CampaignLaunch,2023-02-27 20:40:00,2755.769834108781,1,632.03
746,WhatsApp,Campaign,Health,2023-02-28 04:49:00,355.08587502976445,0,0.0
525,Twitter,EventPromotion,DonorImpact,2023-02-28 22:56:00,537.6989521887094,0,0.0
210,Instagram,Campaign,Reintegration,2023-03-01 16:59:00,1186.648861337071,0,0.0
436,Twitter,EducationalContent,SafehouseLife,2023-03-03 02:24:00,2802.862994089205,0,0.0
655,Instagram,Campaign,DonorImpact,2023-03-05 16:52:00,3018.834088549849,0,0.0
482,Instagram,ImpactStory,Education,2023-03-07 00:25:00,9084.051487403623,3,4636.05
517,Instagram,FundraisingAppeal,SafehouseLife,2023-03-09 13:22:00,25614.9392926164,9,22433.25
711,LinkedIn,EventPromotion,AwarenessRaising,2023-03-09 14:34:00,6525.890643758492,0,0.0
610,Facebook,EventPromotion,EventRecap,2023-03-09 23:45:00,928.751061696749,0,0.0
159,TikTok,FundraisingAppeal,SafehouseLife,2023-03-12 19:08:00,459737.50359999866,63,294622.66
162,LinkedIn,ThankYou,SafehouseLife,2023-03-13 11:32:00,6588.003412478544,0,0.0
511,LinkedIn,ImpactStory,DonorImpact,2023-03-14 12:26:00,131743.46735434496,19,152237.58
313,YouTube,EventPromotion,SafehouseLife,2023-03-15 08:56:00,201.07235580926263,0,0.0
431,Instagram,EducationalContent,Education,2023-03-18 12:19:00,23031.955176388332,5,7928.52
182,YouTube,EducationalContent,DonorImpact,2023-03-20 19:24:00,12889.278345803832,2,9174.75
70,Instagram,ImpactStory,Gratitude,2023-03-21 09:50:00,56047.358947952875,19,39821.44
401,Facebook,FundraisingAppeal,Reintegration,2023-03-21 20:37:00,20141.0967553518,8,15857.8
621,Twitter,Campaign,Education,2023-03-24 10:35:00,6205.0556676005735,2,3205.8
373,YouTube,EducationalContent,Health,2023-03-25 12:38:00,229.38466054761705,0,0.0
477,Facebook,ImpactStory,Gratitude,2023-03-28 19:51:00,225322.55616874984,63,263493.68
305,LinkedIn,Campaign,Gratitude,2023-03-31 11:41:00,19626.084115507852,5,15903.94
116,YouTube,EventPromotion,SafehouseLife,2023-03-31 14:35:00,4715.770085275038,2,1878.65
323,WhatsApp,ImpactStory,SafehouseLife,2023-03-31 19:59:00,316350.3671583341,95,384405.63
184,LinkedIn,ThankYou,Reintegration,2023-04-01 14:49:00,428.76493127096774,0,0.0
337,Facebook,EventPromotion,AwarenessRaising,2023-04-02 16:34:00,32.10744912618683,0,0.0
688,Twitter,FundraisingAppeal,DonorImpact,2023-04-03 08:27:00,111839.72316527495,38,124862.73
17,Instagram,FundraisingAppeal,Gratitude,2023-04-04 01:41:00,124.00443505782852,0,0.0
306,Instagram,Campaign,CampaignLaunch,2023-04-04 13:09:00,45538.89356217746,17,41656.04
670,LinkedIn,ThankYou,CampaignLaunch,2023-04-07 11:12:00,1349.3090485943796,0,0.0
169,Instagram,ImpactStory,DonorImpact,2023-04-07 13:57:00,203352.63443429492,145,717543.3
79,Twitter,ImpactStory,AwarenessRaising,2023-04-08 08:11:00,75983.68741361394,15,62020.44
467,LinkedIn,ImpactStory,Reintegration,2023-04-08 15:42:00,18819.57279319551,4,9911.56
455,Facebook,ThankYou,SafehouseLife,2023-04-10 11:37:00,131.05149725760342,0,0.0
445,TikTok,ImpactStory,EventRecap,2023-04-11 19:10:00,58067.841060630584,25,74959.83
597,WhatsApp,ImpactStory,SafehouseLife,2023-04-11 22:48:00,56560.19473596749,19,50224.1
704,Twitter,ThankYou,DonorImpact,2023-04-12 16:27:00,2019.1757544623338,1,866.89
319,TikTok,ThankYou,Health,2023-04-13 17:22:00,1423.832236305108,0,0.0
363,Twitter,ImpactStory,Health,2023-04-14 08:46:00,127550.56831717532,35,85463.02
412,Facebook,FundraisingAppeal,Education,2023-04-15 08:11:00,35219.046867373225,6,17452.08
696,Facebook,ThankYou,AwarenessRaising,2023-04-15 20:34:00,682.5630063456628,0,0.0
192,WhatsApp,EventPromotion,CampaignLaunch,2023-04-17 16:21:00,170.33001263264632,0,0.0
706,Twitter,Campaign,CampaignLaunch,2023-04-18 15:06:00,6364.272076991789,5,4285.53
255,Instagram,EducationalContent,DonorImpact,2023-04-18 17:19:00,1466.5235171955765,0,0.0
800,YouTube,EventPromotion,Gratitude,2023-04-23 12:54:00,6404.953928634561,2,9448.41
557,Instagram,FundraisingAppeal,DonorImpact,2023-04-24 14:17:00,30165.50968148244,26,26770.73
389,YouTube,ThankYou,SafehouseLife,2023-04-27 01:02:00,2.325777148125116,0,0.0
34,Instagram,FundraisingAppeal,SafehouseLife,2023-04-27 19:55:00,24589.31656796556,12,23100.14
718,Facebook,EventPromotion,DonorImpact,2023-04-29 05:36:00,22.748916037014006,0,0.0
530,Facebook,Campaign,Health,2023-04-30 19:12:00,154000.01229166685,39,163564.37
749,YouTube,EventPromotion,SafehouseLife,2023-04-30 22:48:00,478.28427436707847,0,0.0
288,Instagram,Campaign,Gratitude,2023-05-01 20:00:00,11498.60846529137,1,1677.25
92,Facebook,Campaign,CampaignLaunch,2023-05-01 21:36:00,4909.236289205818,1,4772.83
405,Twitter,Campaign,Gratitude,2023-05-03 10:02:00,30399.219891371307,9,22160.15
372,Instagram,Campaign,EventRecap,2023-05-04 16:10:00,4031.713106768119,2,3936.2
244,Instagram,ImpactStory,SafehouseLife,2023-05-05 20:17:00,119088.08781830154,86,110254.23
342,LinkedIn,ImpactStory,Health,2023-05-06 14:24:00,145624.81420331885,13,166857.83
770,Instagram,Campaign,Education,2023-05-06 20:38:00,25833.044763068963,7,30120.32
108,Facebook,FundraisingAppeal,Reintegration,2023-05-09 03:24:00,160.75457715184558,0,0.0
637,WhatsApp,EducationalContent,Health,2023-05-11 07:28:00,466.4750647918258,0,0.0
649,WhatsApp,Campaign,Reintegration,2023-05-12 21:47:00,36200.45314240402,11,44268.06
788,Facebook,FundraisingAppeal,Education,2023-05-13 04:39:00,3479.244686291532,1,1946.54
568,WhatsApp,ImpactStory,Reintegration,2023-05-16 18:58:00,115724.20546161402,109,87912.57
681,Twitter,ThankYou,DonorImpact,2023-05-18 18:02:00,478.9014235746682,0,0.0
617,TikTok,FundraisingAppeal,Education,2023-05-19 13:31:00,2456.7393997797335,1,1517.09
664,Facebook,FundraisingAppeal,Reintegration,2023-05-21 10:03:00,36666.369471549115,11,42151.09
225,Twitter,ImpactStory,DonorImpact,2023-05-26 09:30:00,32746.431029228097,16,11727.79
142,Twitter,EducationalContent,Health,2023-05-26 13:11:00,467.88123976598666,0,0.0
577,Instagram,ImpactStory,CampaignLaunch,2023-05-27 06:57:00,17182.88267984283,7,7385.49
256,TikTok,EventPromotion,AwarenessRaising,2023-05-28 19:58:00,91121.43853125023,18,28865.64
287,YouTube,ImpactStory,AwarenessRaising,2023-05-29 14:30:00,99981.02882582395,25,89167.91
578,Instagram,EventPromotion,SafehouseLife,2023-06-03 21:38:00,206.26774954413796,0,0.0
28,LinkedIn,ThankYou,Education,2023-06-06 21:10:00,23.777727148125113,0,0.0
772,Twitter,Campaign,EventRecap,2023-06-09 16:33:00,15062.650975630873,7,10228.98
149,LinkedIn,ThankYou,SafehouseLife,2023-06-10 02:57:00,4.507758398125116,0,0.0
672,Facebook,ImpactStory,Education,2023-06-12 17:41:00,24901.65556502475,17,14368.86
640,Instagram,EventPromotion,Reintegration,2023-06-13 08:48:00,854.8023256254528,0,0.0
811,Twitter,EventPromotion,EventRecap,2023-06-13 16:51:00,3865.8454792813723,0,0.0
741,TikTok,FundraisingAppeal,SafehouseLife,2023-06-20 05:11:00,1101.4044223054814,0,0.0
131,Instagram,Campaign,Education,2023-06-20 18:11:00,34291.08979880637,24,39787.81
90,WhatsApp,ImpactStory,Education,2023-06-21 01:22:00,21684.645095244694,2,7772.82
243,Instagram,ThankYou,Gratitude,2023-06-23 03:22:00,10.213669157612731,0,0.0
13,Facebook,EducationalContent,EventRecap,2023-06-25 12:57:00,6651.866250749947,2,9974.21
65,YouTube,ThankYou,Reintegration,2023-06-28 08:56:00,5500.02215959407,1,1998.16
480,TikTok,ImpactStory,AwarenessRaising,2023-06-29 01:40:00,54854.57257370149,28,40707.77
262,Instagram,ThankYou,SafehouseLife,2023-07-01 04:54:00,2.325777148125116,0,0.0
441,Instagram,Campaign,CampaignLaunch,2023-07-04 05:19:00,3838.194915177953,1,3573.65
806,WhatsApp,FundraisingAppeal,Health,2023-07-04 07:48:00,7314.42547448862,5,5183.31
37,Facebook,EducationalContent,Reintegration,2023-07-04 19:47:00,5704.303839238187,2,2046.0
527,Twitter,FundraisingAppeal,DonorImpact,2023-07-05 10:27:00,10897.11751002271,3,11445.13
792,Facebook,ImpactStory,Gratitude,2023-07-05 15:59:00,9648.275099977875,2,8615.55
683,TikTok,ThankYou,DonorImpact,2023-07-07 23:47:00,17278.322149066647,1,4783.99
552,Facebook,ThankYou,Health,2023-07-08 09:01:00,78.41043795154653,0,0.0
197,WhatsApp,EventPromotion,AwarenessRaising,2023-07-10 07:40:00,660.9555207753547,0,0.0
748,Instagram,EventPromotion,Education,2023-07-11 06:58:00,2.325777148125116,0,0.0
505,Instagram,ImpactStory,EventRecap,2023-07-11 21:04:00,16635.819336564797,3,4940.25
308,WhatsApp,EventPromotion,DonorImpact,2023-07-13 03:06:00,14.542337442021289,0,0.0
78,Facebook,ThankYou,DonorImpact,2023-07-17 11:23:00,472.90801947442617,0,0.0
789,Facebook,EducationalContent,AwarenessRaising,2023-07-17 20:08:00,145.9793528949305,0,0.0
457,Instagram,ImpactStory,CampaignLaunch,2023-07-18 08:48:00,100176.92112911475,17,84925.78
661,Facebook,ThankYou,Health,2023-07-19 02:17:00,3.050127148125116,0,0.0
247,Facebook,ThankYou,SafehouseLife,2023-07-20 20:08:00,13726.418046275356,5,4135.77
760,Twitter,ImpactStory,DonorImpact,2023-07-22 08:50:00,21424.662875052472,4,3185.52
416,WhatsApp,ThankYou,EventRecap,2023-07-22 10:35:00,541.9941007511636,0,0.0
634,LinkedIn,EventPromotion,Health,2023-07-22 18:19:00,2.325777148125116,0,0.0
54,Facebook,ImpactStory,SafehouseLife,2023-07-25 10:22:00,167107.050239061,65,193403.54
119,LinkedIn,EducationalContent,CampaignLaunch,2023-07-26 05:38:00,61.441424298628114,0,0.0
57,Facebook,Campaign,SafehouseLife,2023-07-27 09:35:00,16046.557002081052,4,16947.69
249,Instagram,Campaign,DonorImpact,2023-07-30 17:45:00,980.2645601940454,0,0.0
512,WhatsApp,ThankYou,SafehouseLife,2023-07-31 20:13:00,6561.534164328385,1,4336.75
582,WhatsApp,ImpactStory,SafehouseLife,2023-07-31 20:43:00,91162.32009999995,15,59016.6
368,WhatsApp,ImpactStory,Health,2023-08-02 12:44:00,15461.321955254261,1,4683.8
758,WhatsApp,ImpactStory,Health,2023-08-06 18:05:00,194968.1597799995,59,202293.15
516,Instagram,EducationalContent,Reintegration,2023-08-07 14:13:00,441.52971157007306,0,0.0
481,WhatsApp,EventPromotion,DonorImpact,2023-08-07 16:25:00,62.0969043886616,0,0.0
103,Facebook,EducationalContent,Health,2023-08-10 20:43:00,4203.811519153613,1,4300.28
100,Facebook,EducationalContent,CampaignLaunch,2023-08-11 17:42:00,811.0963796529031,0,0.0
212,Facebook,ThankYou,AwarenessRaising,2023-08-11 19:47:00,3051.8535839972214,1,834.03
91,Facebook,EducationalContent,AwarenessRaising,2023-08-12 22:45:00,3359.7705354544737,0,0.0
761,TikTok,ThankYou,Health,2023-08-15 08:22:00,301.32537670830004,0,0.0
727,Instagram,ImpactStory,CampaignLaunch,2023-08-18 18:16:00,156513.7933605879,92,142469.81
178,TikTok,EducationalContent,SafehouseLife,2023-08-20 16:30:00,6900.867399441435,1,4951.33
229,Facebook,FundraisingAppeal,Education,2023-08-22 06:16:00,766.1330808514793,0,0.0
732,Instagram,EducationalContent,EventRecap,2023-08-22 08:24:00,225.5868663472017,0,0.0
612,Instagram,ImpactStory,Education,2023-08-24 12:33:00,30900.317864710178,7,24168.22
153,Twitter,FundraisingAppeal,Health,2023-08-28 08:11:00,11484.67603055096,6,7397.73
466,Facebook,FundraisingAppeal,AwarenessRaising,2023-08-28 10:46:00,102680.48173687869,40,109748.86
134,WhatsApp,FundraisingAppeal,Reintegration,2023-08-28 23:20:00,1049.3569607142863,0,0.0
10,TikTok,ImpactStory,SafehouseLife,2023-08-30 05:02:00,13050.98550649314,2,7042.2
553,WhatsApp,ThankYou,DonorImpact,2023-09-01 02:06:00,15.10719244202129,0,0.0
721,Instagram,FundraisingAppeal,Education,2023-09-01 11:50:00,162438.31672499963,43,149360.7
486,Facebook,FundraisingAppeal,DonorImpact,2023-09-02 00:34:00,2107.7473439650353,1,3542.7
121,WhatsApp,EventPromotion,Health,2023-09-02 01:03:00,38.20544994202129,0,0.0
241,Instagram,EventPromotion,AwarenessRaising,2023-09-02 19:44:00,3580.9610085644567,1,4189.6
763,Instagram,ImpactStory,Gratitude,2023-09-03 17:03:00,233889.8225541667,63,234063.74
303,WhatsApp,FundraisingAppeal,Health,2023-09-04 01:17:00,1013.6884234904485,0,0.0
26,TikTok,ThankYou,Education,2023-09-04 13:53:00,125.04760293534392,0,0.0
371,TikTok,EventPromotion,AwarenessRaising,2023-09-05 20:14:00,2301.402324559435,1,2416.32
143,YouTube,FundraisingAppeal,DonorImpact,2023-09-06 14:21:00,19763.692693748708,7,12168.31
607,LinkedIn,EventPromotion,DonorImpact,2023-09-07 10:12:00,308.94929993594974,0,0.0
694,Instagram,Campaign,EventRecap,2023-09-12 19:50:00,20971.25131572437,6,14868.36
222,Twitter,Campaign,SafehouseLife,2023-09-14 08:36:00,34920.37914999402,3,8606.61
616,Instagram,Campaign,DonorImpact,2023-09-14 13:29:00,31795.36879328402,8,29722.43
440,LinkedIn,ThankYou,Education,2023-09-14 15:29:00,5.839854497929747,0,0.0
354,Twitter,ImpactStory,Health,2023-09-14 20:01:00,14601.743063228734,1,2591.66
495,WhatsApp,FundraisingAppeal,Health,2023-09-19 08:00:00,8364.979263986661,4,10884.66
767,Instagram,EducationalContent,Health,2023-09-22 11:05:00,1356.3006765570237,0,0.0
678,Twitter,FundraisingAppeal,AwarenessRaising,2023-09-25 02:44:00,152.5480400578285,0,0.0
476,TikTok,EducationalContent,Education,2023-09-27 19:45:00,4700.829595175226,1,4930.48
150,Twitter,EducationalContent,Gratitude,2023-09-28 22:10:00,5832.529426627294,0,0.0
3,Twitter,Campaign,Health,2023-09-29 18:31:00,25659.540633577475,11,22188.01
802,WhatsApp,EventPromotion,DonorImpact,2023-10-03 20:25:00,14464.004674419222,3,13945.36
419,Facebook,EducationalContent,SafehouseLife,2023-10-04 03:19:00,530.6760512370342,0,0.0
73,WhatsApp,ThankYou,AwarenessRaising,2023-10-04 04:42:00,83.8826924420213,0,0.0
739,LinkedIn,EventPromotion,CampaignLaunch,2023-10-06 01:23:00,5.832207775830741,0,0.0
357,Facebook,Campaign,Reintegration,2023-10-06 10:30:00,16225.992530131602,6,12716.88
84,Instagram,Campaign,DonorImpact,2023-10-09 09:21:00,3510.09839178044,2,2845.7
257,Facebook,EventPromotion,EventRecap,2023-10-10 18:51:00,117.26572182378786,0,0.0
469,TikTok,Campaign,SafehouseLife,2023-10-12 09:46:00,69171.06940936547,18,74477.53
666,WhatsApp,ThankYou,AwarenessRaising,2023-10-13 09:30:00,1369.651549658392,0,0.0
743,YouTube,Campaign,Education,2023-10-19 04:55:00,352.8045362202407,0,0.0
628,Facebook,ImpactStory,Gratitude,2023-10-21 11:12:00,32239.866592071972,11,8343.55
522,TikTok,EventPromotion,Gratitude,2023-10-22 21:09:00,12373.391615443696,6,6058.96
277,YouTube,EducationalContent,Education,2023-10-25 18:42:00,3381.078370935236,1,1068.37
22,LinkedIn,ThankYou,Reintegration,2023-10-26 04:32:00,45.22967714812512,0,0.0
795,WhatsApp,Campaign,AwarenessRaising,2023-10-26 10:11:00,68028.14956741093,16,34539.87
185,Facebook,Campaign,CampaignLaunch,2023-10-28 12:28:00,5421.279491559256,1,2970.22
314,Twitter,ImpactStory,EventRecap,2023-10-28 16:37:00,35039.18264006215,11,33105.08
365,TikTok,ThankYou,Gratitude,2023-11-03 10:19:00,514.4803126235545,0,0.0
421,YouTube,FundraisingAppeal,SafehouseLife,2023-11-04 09:05:00,9907.247977389616,4,9808.48
500,LinkedIn,ThankYou,DonorImpact,2023-11-10 08:40:00,14542.96783997668,1,9851.87
408,LinkedIn,ImpactStory,SafehouseLife,2023-11-12 22:59:00,21597.09758375351,5,52234.38
402,Instagram,ImpactStory,SafehouseLife,2023-11-13 04:48:00,8131.752210482713,2,5319.69
503,Facebook,ImpactStory,CampaignLaunch,2023-11-14 09:00:00,360528.314804723,142,479011.64
426,Facebook,EventPromotion,DonorImpact,2023-11-16 18:40:00,5049.073687485525,2,5953.88
320,YouTube,Campaign,AwarenessRaising,2023-11-17 16:48:00,52987.03511471361,39,118913.88
726,Facebook,Campaign,Education,2023-11-17 20:40:00,21622.287677746986,18,41443.11
336,LinkedIn,EventPromotion,AwarenessRaising,2023-11-25 03:44:00,65.472066037014,0,0.0
195,Twitter,ImpactStory,DonorImpact,2023-11-26 18:07:00,53341.67129912756,58,156792.56
276,Twitter,EducationalContent,DonorImpact,2023-11-27 10:38:00,23399.20335894181,2,7787.73
576,LinkedIn,EducationalContent,Education,2023-11-29 01:18:00,31.118921047697764,0,0.0
677,Instagram,EducationalContent,AwarenessRaising,2023-11-30 01:05:00,5.352686047697764,0,0.0
499,TikTok,EventPromotion,DonorImpact,2023-11-30 17:47:00,7117.2251945614835,2,6245.64
531,Facebook,ImpactStory,SafehouseLife,2023-12-02 12:45:00,36476.318546698385,10,39433.05
275,Facebook,ThankYou,CampaignLaunch,2023-12-03 06:44:00,28.789415562715984,0,0.0
105,WhatsApp,Campaign,EventRecap,2023-12-03 12:00:00,31344.87770369055,6,34265.62
364,Twitter,ImpactStory,CampaignLaunch,2023-12-03 15:21:00,8732.750946798327,5,8715.27
188,Facebook,ImpactStory,DonorImpact,2023-12-05 11:54:00,75402.68202639256,31,69585.27
403,Instagram,ThankYou,DonorImpact,2023-12-05 23:41:00,170.72754691660518,0,0.0
351,Instagram,EventPromotion,Gratitude,2023-12-08 13:59:00,647.3964480346685,0,0.0
87,Twitter,EventPromotion,AwarenessRaising,2023-12-10 03:15:00,4.105893814791783,0,0.0
654,WhatsApp,FundraisingAppeal,Education,2023-12-10 15:35:00,48720.28060496025,13,69843.04
437,Twitter,EducationalContent,CampaignLaunch,2023-12-10 18:20:00,3922.5839000670735,2,2432.66
359,WhatsApp,ImpactStory,DonorImpact,2023-12-11 19:35:00,186262.25860000058,51,249795.92
635,Facebook,ThankYou,SafehouseLife,2023-12-12 09:13:00,3244.408466342172,0,0.0
345,Facebook,Campaign,Health,2023-12-12 18:47:00,20426.4280905504,8,23284.37
627,TikTok,Campaign,AwarenessRaising,2023-12-13 20:22:00,22308.68221104759,12,18997.09
198,Twitter,FundraisingAppeal,Education,2023-12-15 10:20:00,12252.909634276692,10,7813.68
109,WhatsApp,Campaign,Reintegration,2023-12-16 16:40:00,1150.803154724022,1,4581.25
673,Instagram,ThankYou,Education,2023-12-16 20:06:00,3974.8542650622153,1,4990.54
353,Instagram,Campaign,Reintegration,2023-12-18 06:38:00,4654.448609683702,3,5737.67
619,LinkedIn,ThankYou,Gratitude,2023-12-20 23:37:00,11869.172702699683,1,13369.98
61,TikTok,Campaign,EventRecap,2023-12-21 19:44:00,40815.80730298182,19,92695.63
290,Facebook,Campaign,Education,2023-12-22 14:51:00,47991.98662134094,19,46608.61
784,Twitter,ThankYou,AwarenessRaising,2023-12-22 17:40:00,185.7047389692352,0,0.0
771,TikTok,FundraisingAppeal,CampaignLaunch,2023-12-23 04:47:00,13856.054282517704,4,16589.38
603,WhatsApp,ImpactStory,Reintegration,2023-12-24 01:48:00,26468.742081780354,6,24754.16
699,LinkedIn,EducationalContent,SafehouseLife,2023-12-24 06:41:00,911.905179307421,0,0.0
304,LinkedIn,ImpactStory,Education,2023-12-25 09:08:00,162518.51049971575,17,204106.63
801,Facebook,ThankYou,CampaignLaunch,2023-12-26 05:04:00,7.815334998052965,0,0.0
702,Instagram,ImpactStory,AwarenessRaising,2023-12-26 23:59:00,30102.465787856985,11,25888.3
193,YouTube,Campaign,DonorImpact,2023-12-28 08:11:00,15685.49125535368,10,31108.37
285,Facebook,ThankYou,DonorImpact,2024-01-02 05:35:00,35.560666037014,0,0.0
152,Facebook,ImpactStory,EventRecap,2024-01-05 19:52:00,34436.53693793814,14,32593.29
615,Twitter,ImpactStory,CampaignLaunch,2024-01-12 04:37:00,4662.971618462291,0,0.0
716,Facebook,ImpactStory,DonorImpact,2024-01-14 17:06:00,22666.752548602577,4,12319.53
809,WhatsApp,EventPromotion,AwarenessRaising,2024-01-18 04:48:00,65.59868744202129,0,0.0
630,LinkedIn,ImpactStory,Education,2024-01-19 01:59:00,3171.942004761904,0,0.0
172,Twitter,EventPromotion,CampaignLaunch,2024-01-19 17:47:00,5196.46843715127,1,1522.41
137,TikTok,ImpactStory,CampaignLaunch,2024-01-19 19:12:00,29831.642405155875,13,17031.87
614,Instagram,Campaign,Education,2024-01-21 13:26:00,62912.373178202266,27,70748.97
254,LinkedIn,EventPromotion,SafehouseLife,2024-01-23 04:26:00,4.507758398125116,0,0.0
584,YouTube,EventPromotion,DonorImpact,2024-01-23 15:49:00,250382.86466666634,17,42139.48
690,TikTok,Campaign,Reintegration,2024-01-24 21:41:00,51223.098368335006,17,52030.19
110,Instagram,EducationalContent,SafehouseLife,2024-01-25 01:04:00,6.331185999654779,0,0.0
465,Twitter,Campaign,CampaignLaunch,2024-01-27 08:58:00,6188.685607007717,1,2841.43
738,Twitter,EventPromotion,Health,2024-01-29 03:49:00,5.536527148125114,0,0.0
263,Facebook,EventPromotion,DonorImpact,2024-01-29 09:53:00,43720.95485237847,3,14145.1
797,Twitter,EventPromotion,SafehouseLife,2024-01-31 09:22:00,239.97479322849009,0,0.0
643,Instagram,Campaign,Reintegration,2024-02-01 12:25:00,52666.60190734612,19,52746.01
451,Facebook,EducationalContent,DonorImpact,2024-02-02 09:05:00,5834.134545338197,1,1337.89
586,Instagram,EducationalContent,Health,2024-02-02 12:14:00,1579.8262580302865,0,0.0
798,WhatsApp,ThankYou,DonorImpact,2024-02-02 17:23:00,528.1806081251592,0,0.0
30,Instagram,EventPromotion,AwarenessRaising,2024-02-04 17:28:00,85.2427105999334,0,0.0
181,WhatsApp,Campaign,Reintegration,2024-02-04 20:01:00,56848.438655242186,14,61669.4
49,Instagram,Campaign,Education,2024-02-04 20:57:00,38984.01429826382,10,46822.26
208,WhatsApp,ImpactStory,Education,2024-02-05 19:47:00,156037.63312500014,29,139293.82
443,Twitter,FundraisingAppeal,AwarenessRaising,2024-02-06 09:43:00,41139.219447657335,13,51164.04
362,TikTok,ImpactStory,Reintegration,2024-02-07 12:15:00,44794.70282186594,12,21795.77
312,Twitter,ImpactStory,SafehouseLife,2024-02-09 16:13:00,26207.941134207817,9,7116.87
638,Twitter,Campaign,Gratitude,2024-02-09 23:56:00,445.59608035112905,0,0.0
750,Instagram,EventPromotion,SafehouseLife,2024-02-10 21:45:00,71376.32491619985,4,19601.63
475,Instagram,FundraisingAppeal,CampaignLaunch,2024-02-11 07:45:00,9209.11629459353,1,1146.06
548,Instagram,Campaign,CampaignLaunch,2024-02-11 20:25:00,7058.732786121478,1,4160.83
383,Instagram,EducationalContent,Health,2024-02-13 19:02:00,29696.1417354731,4,19653.7
301,Instagram,ImpactStory,Health,2024-02-14 18:57:00,51236.013625051215,13,50542.09
98,Twitter,ImpactStory,Gratitude,2024-02-15 13:21:00,7267.046918054909,3,6944.4
340,TikTok,FundraisingAppeal,CampaignLaunch,2024-02-17 21:44:00,173626.85487083305,61,209218.45
294,Facebook,ThankYou,Gratitude,2024-02-20 16:24:00,126.05285020427465,0,0.0
519,YouTube,ImpactStory,Health,2024-02-20 17:50:00,314283.89236225584,102,373136.92
691,WhatsApp,FundraisingAppeal,CampaignLaunch,2024-02-21 10:54:00,98279.88476014278,49,129936.53
471,WhatsApp,ImpactStory,Gratitude,2024-02-23 10:29:00,161666.6510394121,77,141758.05
521,Instagram,ImpactStory,Health,2024-02-25 20:16:00,205531.0924967949,66,236721.17
352,Instagram,ImpactStory,SafehouseLife,2024-02-29 12:22:00,142883.38845642854,57,147191.88
189,TikTok,ImpactStory,AwarenessRaising,2024-02-29 17:32:00,72474.71327258922,28,89607.61
315,Facebook,EducationalContent,DonorImpact,2024-03-01 19:09:00,22056.620946880346,4,19103.03
75,Instagram,EducationalContent,Education,2024-03-06 14:33:00,591.6762755085966,0,0.0
127,Facebook,EducationalContent,Gratitude,2024-03-13 19:30:00,1964.1183069640601,0,0.0
710,Facebook,ImpactStory,Health,2024-03-14 20:33:00,36677.024549088674,16,12175.39
606,Twitter,Campaign,SafehouseLife,2024-03-15 09:26:00,4814.077268009371,1,2045.63
43,Twitter,ImpactStory,Education,2024-03-15 18:29:00,63111.58588201066,38,56396.66
206,Instagram,ThankYou,DonorImpact,2024-03-17 09:18:00,5055.827316935884,1,3423.57
279,Facebook,FundraisingAppeal,SafehouseLife,2024-03-19 16:26:00,7913.8340423885475,4,2194.67
330,Twitter,EducationalContent,DonorImpact,2024-03-20 17:08:00,151.1481780016059,0,0.0
538,Facebook,EducationalContent,Education,2024-03-22 08:16:00,887.8855179250629,0,0.0
71,Facebook,Campaign,Reintegration,2024-03-22 08:23:00,4615.432649732696,0,0.0
509,Instagram,Campaign,Health,2024-03-22 17:06:00,5241.432799800551,1,4909.76
393,Instagram,ImpactStory,CampaignLaunch,2024-03-24 15:04:00,227447.9758000001,51,122522.92
69,Facebook,EventPromotion,DonorImpact,2024-03-24 19:08:00,7116.112390353318,2,5437.22
542,Twitter,EventPromotion,AwarenessRaising,2024-03-24 19:36:00,864.4336457002879,0,0.0
215,Facebook,FundraisingAppeal,DonorImpact,2024-03-26 10:16:00,28502.203372513562,8,32286.86
647,Twitter,FundraisingAppeal,AwarenessRaising,2024-03-28 08:31:00,8387.826557985974,2,3137.82
2,TikTok,ThankYou,Education,2024-03-30 19:09:00,1765.7734898875867,0,0.0
237,Facebook,EducationalContent,Education,2024-03-30 19:21:00,8333.076027539326,1,3267.15
213,Facebook,EducationalContent,AwarenessRaising,2024-04-03 08:28:00,5871.609174213949,2,3755.45
799,LinkedIn,ImpactStory,Education,2024-04-04 11:33:00,24896.728827965424,3,23140.62
349,TikTok,EducationalContent,Health,2024-04-05 03:44:00,7.337974936586653,0,0.0
146,TikTok,Campaign,Health,2024-04-05 22:23:00,67948.7239113568,23,53317.35
88,Facebook,EventPromotion,Health,2024-04-06 07:41:00,879.0632581405256,0,0.0
510,TikTok,EventPromotion,DonorImpact,2024-04-07 10:07:00,1252.9764997278278,0,0.0
238,Twitter,ImpactStory,SafehouseLife,2024-04-07 13:23:00,39110.95913448744,17,48126.35
493,YouTube,FundraisingAppeal,SafehouseLife,2024-04-09 17:46:00,73898.09269869197,20,48630.97
777,Facebook,ThankYou,Reintegration,2024-04-10 07:28:00,143.75120010002792,0,0.0
246,Facebook,ImpactStory,Education,2024-04-10 10:49:00,127682.76747399528,114,59300.32
515,Twitter,ImpactStory,DonorImpact,2024-04-15 06:15:00,32589.42923882693,8,36001.85
282,Facebook,EducationalContent,Reintegration,2024-04-16 00:15:00,39.52412714812511,0,0.0
604,TikTok,ThankYou,DonorImpact,2024-04-16 19:42:00,19469.78137162998,4,4208.03
114,TikTok,ImpactStory,DonorImpact,2024-04-17 10:58:00,46073.92369965394,28,39126.08
420,Facebook,EducationalContent,Education,2024-04-18 02:49:00,2.325777148125116,0,0.0
234,Facebook,EventPromotion,Health,2024-04-18 05:37:00,2.325777148125116,0,0.0
675,Facebook,ImpactStory,Health,2024-04-18 10:23:00,86404.7777183445,24,113130.36
331,WhatsApp,ImpactStory,SafehouseLife,2024-04-19 16:41:00,36467.92581035723,9,42493.61
462,WhatsApp,EventPromotion,Gratitude,2024-04-20 21:06:00,50.43299950553466,0,0.0
309,Instagram,ImpactStory,DonorImpact,2024-04-24 04:09:00,6302.811841094848,1,4351.04
730,WhatsApp,ThankYou,Reintegration,2024-04-25 12:34:00,925.2875341086877,0,0.0
82,Facebook,FundraisingAppeal,Education,2024-04-30 17:34:00,108984.68881813345,49,171236.15
360,Twitter,ThankYou,Reintegration,2024-05-01 22:46:00,53.20074881479178,0,0.0
4,Instagram,FundraisingAppeal,EventRecap,2024-05-02 13:17:00,79300.0005370621,19,69911.88
533,Instagram,ThankYou,Education,2024-05-02 19:18:00,390.9841424340231,0,0.0
701,Facebook,EducationalContent,Education,2024-05-03 23:04:00,2902.0776807163465,0,0.0
190,YouTube,ImpactStory,AwarenessRaising,2024-05-06 15:11:00,238906.67992916665,53,239173.94
31,Facebook,Campaign,DonorImpact,2024-05-10 14:32:00,10110.661487064599,2,9615.64
644,TikTok,Campaign,DonorImpact,2024-05-10 14:44:00,4717.065889377143,1,4073.38
625,TikTok,ImpactStory,AwarenessRaising,2024-05-11 11:01:00,129931.25924568932,98,232003.02
594,TikTok,EducationalContent,Education,2024-05-12 05:00:00,82.56340914711298,0,0.0
379,WhatsApp,ImpactStory,Health,2024-05-12 09:38:00,138005.70974545434,26,147513.81
488,Facebook,ImpactStory,Health,2024-05-12 09:49:00,131760.4206826922,26,113166.72
191,LinkedIn,Campaign,Reintegration,2024-05-12 10:53:00,146226.99398309048,14,195256.43
388,Facebook,Campaign,EventRecap,2024-05-13 17:20:00,27387.607797172168,9,33905.89
124,WhatsApp,ImpactStory,SafehouseLife,2024-05-14 08:08:00,78684.06222379932,43,66592.79
697,Instagram,Campaign,Education,2024-05-14 16:34:00,12562.204883520351,5,3617.66
333,TikTok,EventPromotion,CampaignLaunch,2024-05-14 21:05:00,2886.4615732904604,0,0.0
42,Twitter,Campaign,Health,2024-05-15 11:05:00,2362.778115179165,0,0.0
556,Twitter,ImpactStory,DonorImpact,2024-05-17 20:07:00,31529.710892310028,10,20721.69
9,TikTok,ImpactStory,Education,2024-05-21 03:38:00,10703.082895173866,2,9383.08
175,YouTube,Campaign,DonorImpact,2024-05-22 00:34:00,4295.608566743381,1,4580.9
274,TikTok,Campaign,SafehouseLife,2024-05-22 07:21:00,11963.89238225407,3,14501.08
118,Twitter,EventPromotion,Education,2024-05-22 17:34:00,2267.8031420280286,1,4226.52
650,Facebook,ThankYou,DonorImpact,2024-05-24 09:44:00,2100.5239035032423,0,0.0
224,Facebook,Campaign,Education,2024-05-24 19:10:00,10793.869855590488,3,13229.92
485,WhatsApp,EducationalContent,Education,2024-05-24 20:42:00,1914.6406858428963,0,0.0
311,WhatsApp,ImpactStory,EventRecap,2024-05-25 08:35:00,34237.46539810607,13,31628.47
567,Facebook,EducationalContent,DonorImpact,2024-05-26 06:55:00,386.23652896668284,0,0.0
580,WhatsApp,ImpactStory,Reintegration,2024-05-27 19:08:00,202513.78879166674,119,168687.98
355,TikTok,EventPromotion,SafehouseLife,2024-05-28 01:38:00,282.10442826671664,0,0.0
343,WhatsApp,ImpactStory,EventRecap,2024-05-29 13:58:00,38777.457903484974,7,23902.23
717,Facebook,ThankYou,DonorImpact,2024-05-29 16:14:00,13.516321863706503,0,0.0
659,Twitter,Campaign,EventRecap,2024-05-31 04:59:00,283.07208362035993,0,0.0
392,LinkedIn,ThankYou,Education,2024-06-01 09:27:00,6350.358488941655,1,12835.65
196,LinkedIn,EducationalContent,Gratitude,2024-06-02 09:18:00,52427.407788081,6,45368.15
572,Facebook,ImpactStory,SafehouseLife,2024-06-03 10:06:00,189068.2906716349,70,213659.26
377,Instagram,EventPromotion,DonorImpact,2024-06-04 13:12:00,22774.287558049247,6,15197.13
344,Facebook,EventPromotion,Gratitude,2024-06-05 11:02:00,20832.200045200676,3,2005.45
555,Instagram,EventPromotion,Reintegration,2024-06-06 13:23:00,3498.5802366248176,1,2490.32
415,YouTube,EducationalContent,Gratitude,2024-06-07 04:58:00,144.98397609213654,0,0.0
662,Facebook,ImpactStory,SafehouseLife,2024-06-11 20:29:00,152268.1485160986,44,166734.29
724,Facebook,ThankYou,AwarenessRaising,2024-06-12 01:35:00,3.050127148125116,0,0.0
361,YouTube,ThankYou,Education,2024-06-12 16:31:00,8758.442663991453,1,2295.74
804,Instagram,ImpactStory,DonorImpact,2024-06-16 08:17:00,7003.3817382900925,2,7605.57
646,Instagram,ImpactStory,Gratitude,2024-06-16 22:34:00,29409.862064407054,25,16186.4
298,Instagram,EventPromotion,SafehouseLife,2024-06-17 10:15:00,1902.554981601746,1,1109.11
703,Facebook,ImpactStory,CampaignLaunch,2024-06-17 16:14:00,55552.428493232655,12,59455.17
177,Twitter,ThankYou,AwarenessRaising,2024-06-19 04:56:00,3593.1839377839765,0,0.0
791,Facebook,ImpactStory,Education,2024-06-19 17:50:00,8814.225187225784,2,6618.65
669,WhatsApp,EducationalContent,CampaignLaunch,2024-06-20 09:22:00,5443.444748131528,1,3099.28
122,YouTube,EducationalContent,SafehouseLife,2024-06-20 12:44:00,15273.409788063651,1,4016.96
400,Facebook,EducationalContent,Gratitude,2024-06-21 00:25:00,51.801558964958424,0,0.0
786,YouTube,EventPromotion,Education,2024-06-21 09:06:00,4.378726601677029,0,0.0
261,Twitter,FundraisingAppeal,Gratitude,2024-06-22 16:06:00,12718.558369579223,3,8987.98
139,Instagram,Campaign,AwarenessRaising,2024-06-24 13:51:00,90385.56542288432,97,60074.77
409,Facebook,ThankYou,Health,2024-06-25 05:58:00,10.390875362410828,0,0.0
620,Facebook,ImpactStory,Reintegration,2024-06-25 21:37:00,24323.696001776323,10,12795.88
756,Instagram,ImpactStory,Health,2024-06-26 21:50:00,20651.080816396974,5,18971.09
194,YouTube,ImpactStory,DonorImpact,2024-06-29 12:07:00,33492.32981781242,19,11575.23
15,Facebook,FundraisingAppeal,EventRecap,2024-06-30 04:59:00,15400.735224071223,4,12083.44
723,Facebook,ImpactStory,Reintegration,2024-06-30 09:00:00,50106.633404806096,27,40881.39
438,LinkedIn,ImpactStory,AwarenessRaising,2024-07-01 12:38:00,24989.70484241273,6,33408.13
203,Facebook,EventPromotion,Reintegration,2024-07-05 01:54:00,62.14857714812511,0,0.0
593,Twitter,ImpactStory,AwarenessRaising,2024-07-05 04:07:00,1178.4251450000002,0,0.0
473,Instagram,EventPromotion,Gratitude,2024-07-05 20:17:00,458.6443674811806,0,0.0
170,Instagram,EventPromotion,AwarenessRaising,2024-07-05 21:10:00,4082.823237532693,1,4815.53
561,Instagram,FundraisingAppeal,DonorImpact,2024-07-07 10:47:00,27352.681737103998,11,19243.95
144,Facebook,ImpactStory,SafehouseLife,2024-07-09 23:39:00,12461.231135834045,6,27359.27
680,WhatsApp,ThankYou,SafehouseLife,2024-07-11 05:49:00,74.36755440630701,0,0.0
104,Twitter,EducationalContent,AwarenessRaising,2024-07-11 09:58:00,509.53151437037997,0,0.0
446,Instagram,EventPromotion,CampaignLaunch,2024-07-11 11:30:00,2097.6335543519926,2,2809.13
390,TikTok,Campaign,Reintegration,2024-07-12 13:12:00,14255.78356529294,3,10305.57
260,LinkedIn,ThankYou,DonorImpact,2024-07-15 14:35:00,37.56226224533935,0,0.0
174,WhatsApp,EducationalContent,DonorImpact,2024-07-17 23:09:00,10582.304449592024,1,4798.83
478,LinkedIn,EventPromotion,DonorImpact,2024-07-21 15:44:00,5.67937309993339,0,0.0
264,TikTok,EducationalContent,SafehouseLife,2024-07-22 14:12:00,18277.0481261196,2,6182.35
168,YouTube,ImpactStory,Health,2024-07-22 22:39:00,125645.69811765944,42,172208.96
62,LinkedIn,EducationalContent,CampaignLaunch,2024-07-23 11:29:00,32186.17238836666,0,0.0
692,Twitter,ImpactStory,Health,2024-07-23 16:51:00,26059.97602317524,21,17486.05
609,YouTube,ImpactStory,Gratitude,2024-07-24 03:47:00,31169.231258475626,13,30758.59
712,LinkedIn,EducationalContent,Gratitude,2024-07-26 18:54:00,154.754417152815,0,0.0
6,YouTube,EventPromotion,Education,2024-07-30 18:57:00,6762.082639387862,0,0.0
667,Facebook,ImpactStory,CampaignLaunch,2024-07-30 19:23:00,79159.48512962756,17,22072.01
598,WhatsApp,EventPromotion,Reintegration,2024-08-05 04:06:00,20.190887442021292,0,0.0
80,Instagram,EducationalContent,CampaignLaunch,2024-08-05 13:24:00,2413.330179396055,1,566.81
231,Instagram,EventPromotion,Gratitude,2024-08-09 04:56:00,31.27730089871909,0,0.0
563,Instagram,Campaign,Education,2024-08-09 12:00:00,267484.0135910718,68,332704.56
573,Instagram,ThankYou,AwarenessRaising,2024-08-11 16:51:00,2332.063789271443,1,620.58
489,Instagram,ImpactStory,EventRecap,2024-08-12 05:24:00,22064.489443983635,6,25287.75
12,Twitter,FundraisingAppeal,Education,2024-08-15 18:26:00,25226.163117872184,8,4476.96
715,LinkedIn,ThankYou,DonorImpact,2024-08-17 15:56:00,5833.360598773322,0,0.0
341,TikTok,EventPromotion,Education,2024-08-17 20:24:00,22403.57881802998,5,5910.54
227,Facebook,EducationalContent,Education,2024-08-18 05:04:00,5.799620258224079,0,0.0
454,Instagram,Campaign,SafehouseLife,2024-08-20 17:21:00,33598.55162558504,10,35100.44
722,Twitter,EventPromotion,Gratitude,2024-08-21 09:17:00,2671.2028854852742,1,1292.03
350,LinkedIn,EventPromotion,CampaignLaunch,2024-08-23 16:23:00,446.7911578635218,0,0.0
40,TikTok,Campaign,SafehouseLife,2024-08-24 17:05:00,18574.523208969593,3,12476.39
693,LinkedIn,EventPromotion,AwarenessRaising,2024-08-25 09:22:00,27969.54356199292,2,19726.24
391,Facebook,ImpactStory,Reintegration,2024-08-25 13:06:00,42693.78417842595,8,16847.69
545,Facebook,ImpactStory,SafehouseLife,2024-08-26 11:07:00,36046.375162585035,9,29285.92
562,TikTok,ThankYou,CampaignLaunch,2024-08-26 19:08:00,1888.5648358581968,1,808.93
587,WhatsApp,ThankYou,Gratitude,2024-08-27 20:47:00,115.98842244261532,0,0.0
535,Instagram,ThankYou,Health,2024-08-30 07:40:00,1013.2629385666477,0,0.0
145,Twitter,FundraisingAppeal,Gratitude,2024-08-31 05:08:00,66.16550492962335,0,0.0
549,Facebook,EducationalContent,DonorImpact,2024-09-05 08:19:00,894.2394214308022,0,0.0
209,Instagram,Campaign,Health,2024-09-13 13:44:00,31227.85440098079,11,33793.64
406,YouTube,ImpactStory,Health,2024-09-14 06:23:00,48800.419191531546,15,34865.25
125,YouTube,ImpactStory,SafehouseLife,2024-09-14 16:03:00,248911.92215000044,60,228690.21
35,Facebook,ThankYou,DonorImpact,2024-09-14 23:49:00,1170.2596807862924,0,0.0
564,LinkedIn,Campaign,CampaignLaunch,2024-09-15 07:34:00,351.3986934373918,0,0.0
780,Facebook,EducationalContent,Education,2024-09-15 19:03:00,1419.8273283250785,0,0.0
719,Facebook,Campaign,DonorImpact,2024-09-17 10:31:00,4845.3412481263495,1,2584.46
322,Facebook,EventPromotion,Education,2024-09-17 15:29:00,681.2591229816557,0,0.0
566,Twitter,ImpactStory,SafehouseLife,2024-09-18 14:34:00,18939.77752384909,4,15855.89
618,Instagram,EducationalContent,EventRecap,2024-09-19 03:32:00,3.4683365995264284,0,0.0
641,Twitter,EducationalContent,DonorImpact,2024-09-19 19:33:00,48.263553045109326,0,0.0
96,Instagram,FundraisingAppeal,DonorImpact,2024-09-19 20:22:00,23151.613630169493,11,15655.88
53,TikTok,ImpactStory,Gratitude,2024-09-20 10:56:00,82907.77905568804,43,74877.1
759,TikTok,ImpactStory,Reintegration,2024-09-21 19:28:00,248242.75753214327,87,298264.28
106,YouTube,ImpactStory,SafehouseLife,2024-09-23 05:26:00,20244.371089701377,6,24626.18
411,Instagram,EventPromotion,Reintegration,2024-09-23 10:20:00,8727.177539603446,3,2248.82
506,Facebook,EducationalContent,DonorImpact,2024-09-23 14:58:00,420.82991354434773,0,0.0
684,LinkedIn,Campaign,Gratitude,2024-09-24 12:05:00,70678.09454972422,9,70936.76
547,Facebook,ImpactStory,Education,2024-09-25 00:53:00,358.3054433333333,0,0.0
642,Facebook,Campaign,Reintegration,2024-09-26 12:49:00,8352.853733400792,2,8213.05
559,Instagram,Campaign,Reintegration,2024-10-03 23:47:00,8378.354174827726,2,3869.77
787,LinkedIn,EventPromotion,Reintegration,2024-10-06 12:54:00,4.220061626186833,0,0.0
370,TikTok,EducationalContent,EventRecap,2024-10-07 00:17:00,5815.7560852651795,0,0.0
48,LinkedIn,Campaign,Gratitude,2024-10-08 02:02:00,2586.8384148174473,0,0.0
211,Facebook,ImpactStory,Health,2024-10-09 11:03:00,811351.7944500014,203,808353.61
682,TikTok,ImpactStory,SafehouseLife,2024-10-10 12:04:00,33298.670147138735,19,18012.31
589,WhatsApp,ThankYou,SafehouseLife,2024-10-11 20:22:00,14895.214019862351,2,8737.1
613,Twitter,Campaign,EventRecap,2024-10-18 19:37:00,3624.8899601283356,1,2886.92
708,Facebook,ThankYou,CampaignLaunch,2024-10-19 19:25:00,6411.279306961713,1,4770.75
278,TikTok,EducationalContent,Gratitude,2024-10-21 01:49:00,1935.3056849435116,0,0.0
265,Instagram,EventPromotion,EventRecap,2024-10-22 08:54:00,259.2727406216871,0,0.0
658,YouTube,EventPromotion,Gratitude,2024-10-27 08:55:00,524.782883248386,0,0.0
63,YouTube,EventPromotion,SafehouseLife,2024-10-29 02:09:00,833.1992067663238,0,0.0
33,WhatsApp,Campaign,AwarenessRaising,2024-10-29 07:45:00,3690.440893182918,1,5982.28
560,Facebook,EducationalContent,Education,2024-10-29 11:55:00,5037.261188015401,1,609.26
779,WhatsApp,ImpactStory,Education,2024-10-29 19:20:00,111586.17394190488,28,138971.66
295,Facebook,FundraisingAppeal,SafehouseLife,2024-11-01 23:22:00,6586.457750037465,5,5141.96
387,WhatsApp,ThankYou,DonorImpact,2024-11-02 11:02:00,11885.348304375022,3,12093.99
327,Twitter,EducationalContent,Gratitude,2024-11-04 03:59:00,6.351594648719097,0,0.0
424,LinkedIn,ThankYou,Reintegration,2024-11-04 12:43:00,22505.181840097077,3,26962.14
496,WhatsApp,ThankYou,Reintegration,2024-11-04 14:45:00,8890.586548916945,1,1129.71
453,Twitter,Campaign,DonorImpact,2024-11-05 10:56:00,4313.624995599711,3,3405.94
783,LinkedIn,Campaign,SafehouseLife,2024-11-07 08:43:00,98969.91390611771,11,141767.25
258,Instagram,Campaign,Health,2024-11-10 09:04:00,14252.91540441247,4,17859.21
626,LinkedIn,ImpactStory,AwarenessRaising,2024-11-11 23:59:00,10000.483852529225,1,6413.73
558,Facebook,EventPromotion,CampaignLaunch,2024-11-12 00:54:00,78.45755777583072,0,0.0
671,YouTube,ImpactStory,Reintegration,2024-11-12 11:21:00,175983.37887967707,53,191619.36
652,LinkedIn,ImpactStory,DonorImpact,2024-11-13 10:07:00,395721.65812999976,85,555828.12
165,TikTok,Campaign,Health,2024-11-13 12:12:00,276833.54673541646,76,326877.68
179,Twitter,ImpactStory,Gratitude,2024-11-13 22:59:00,31233.582109802705,19,20365.68
602,Twitter,ImpactStory,Reintegration,2024-11-14 11:03:00,22204.57782596424,3,7389.56
463,Twitter,ImpactStory,CampaignLaunch,2024-11-16 23:10:00,36315.47782496821,10,42961.32
259,WhatsApp,ImpactStory,SafehouseLife,2024-11-18 19:10:00,113694.46915000014,18,23730.34
720,WhatsApp,ImpactStory,Education,2024-11-18 20:13:00,242228.56216666725,90,293559.59
335,TikTok,ImpactStory,SafehouseLife,2024-11-19 09:05:00,274334.6891020834,64,51888.29
532,YouTube,ImpactStory,Reintegration,2024-11-20 09:39:00,111693.18828334012,42,108595.54
23,WhatsApp,EducationalContent,SafehouseLife,2024-11-23 16:06:00,52.57311896979906,0,0.0
468,Facebook,ImpactStory,SafehouseLife,2024-11-23 23:45:00,79065.27309264915,37,100060.33
253,WhatsApp,EventPromotion,Health,2024-11-24 04:28:00,14.542337442021289,0,0.0
565,YouTube,EducationalContent,AwarenessRaising,2024-11-24 16:40:00,9515.920731361119,2,8380.34
754,YouTube,ThankYou,SafehouseLife,2024-11-25 19:24:00,26768.5141627147,8,28386.54
102,Twitter,EventPromotion,SafehouseLife,2024-11-26 06:58:00,17.493293814791784,0,0.0
266,WhatsApp,ImpactStory,SafehouseLife,2024-11-26 10:05:00,1528695.7367000002,458,2402435.96
449,YouTube,FundraisingAppeal,AwarenessRaising,2024-11-28 17:50:00,375938.5228291668,206,236730.39
358,Twitter,FundraisingAppeal,AwarenessRaising,2024-11-30 18:15:00,12751.116319787323,8,13763.63
432,Facebook,ThankYou,Reintegration,2024-11-30 23:33:00,226.5841614435427,0,0.0
430,Facebook,EventPromotion,Education,2024-11-30 23:46:00,181.63313688709115,0,0.0
160,YouTube,Campaign,CampaignLaunch,2024-12-01 02:44:00,207.97529396138842,0,0.0
381,Twitter,Campaign,Education,2024-12-01 13:43:00,9409.4817381457,8,12659.03
427,Facebook,EducationalContent,Gratitude,2024-12-01 17:14:00,648.2512584550426,0,0.0
1,YouTube,EducationalContent,Education,2024-12-03 12:35:00,1087.5334861149345,0,0.0
52,Instagram,EducationalContent,EventRecap,2024-12-04 19:32:00,26.742482004886615,0,0.0
132,LinkedIn,FundraisingAppeal,DonorImpact,2024-12-07 08:31:00,22833.059089229162,6,31707.99
284,Twitter,ImpactStory,AwarenessRaising,2024-12-11 19:49:00,19127.533751098865,4,19326.59
605,Facebook,ImpactStory,CampaignLaunch,2024-12-12 08:56:00,183190.12870387788,88,205667.86
94,Facebook,EventPromotion,AwarenessRaising,2024-12-17 04:12:00,67.00292536241083,0,0.0
410,Facebook,Campaign,Reintegration,2024-12-18 11:51:00,6483.4659644084,2,8110.85
164,Facebook,Campaign,DonorImpact,2024-12-18 23:44:00,4960.849178313493,2,3424.85
590,Instagram,EventPromotion,CampaignLaunch,2024-12-20 11:21:00,2857.9909654338207,2,2259.35
579,TikTok,EventPromotion,Education,2024-12-20 14:28:00,108.60374375397743,0,0.0
781,LinkedIn,Campaign,SafehouseLife,2024-12-20 19:11:00,6672.123826087307,1,6583.42
117,Instagram,EventPromotion,CampaignLaunch,2024-12-20 19:32:00,8395.483500574092,2,5847.06
461,WhatsApp,ImpactStory,Gratitude,2024-12-21 16:37:00,124131.61014499968,37,83692.08
490,Instagram,ImpactStory,Education,2024-12-27 19:15:00,39678.17169982379,22,44490.46
18,Facebook,ImpactStory,SafehouseLife,2024-12-28 09:39:00,41429.66603935408,21,34930.74
76,Facebook,EventPromotion,Reintegration,2025-01-03 02:57:00,7.308612148125117,0,0.0
599,Twitter,EventPromotion,EventRecap,2025-01-08 19:03:00,1573.1371380835055,0,0.0
709,Facebook,ImpactStory,SafehouseLife,2025-01-09 17:47:00,8919.119405919888,2,7911.98
418,Facebook,EventPromotion,EventRecap,2025-01-09 20:27:00,105.77425556472748,0,0.0
385,TikTok,ThankYou,SafehouseLife,2025-01-15 19:06:00,13930.965643663461,2,9857.53
713,LinkedIn,Campaign,Gratitude,2025-01-17 09:44:00,13269.158591390194,2,18102.17
765,TikTok,ImpactStory,AwarenessRaising,2025-01-17 19:28:00,951774.1549000005,239,1148927.49
269,TikTok,Campaign,Reintegration,2025-01-19 22:16:00,79108.25730990131,40,62017.17
492,LinkedIn,Campaign,Reintegration,2025-01-21 06:48:00,10881.77469595887,3,41871.09
645,YouTube,Campaign,CampaignLaunch,2025-01-21 13:05:00,41706.551556902865,25,117894.1
356,LinkedIn,ThankYou,Education,2025-01-22 18:07:00,2.325777148125116,0,0.0
334,Instagram,ImpactStory,EventRecap,2025-01-23 10:32:00,108829.17985519214,36,90356.95
768,Facebook,FundraisingAppeal,DonorImpact,2025-01-24 11:26:00,15547.26622940077,6,3552.43
236,YouTube,ThankYou,Health,2025-01-24 16:55:00,19709.53390015502,2,7567.03
778,Instagram,Campaign,Health,2025-01-24 19:00:00,14465.634237131204,5,6479.72
291,Facebook,ThankYou,Health,2025-01-24 20:18:00,3398.581574814725,1,2872.07
434,Instagram,EventPromotion,SafehouseLife,2025-01-26 21:40:00,881.9783301555726,0,0.0
810,Twitter,EducationalContent,Gratitude,2025-01-27 09:20:00,1463.7908530816048,0,0.0
663,Facebook,EventPromotion,EventRecap,2025-01-27 14:58:00,1717.358913590135,0,0.0
173,TikTok,FundraisingAppeal,Reintegration,2025-01-27 19:48:00,109153.98140908612,56,81469.23
504,YouTube,FundraisingAppeal,Health,2025-01-28 13:00:00,5771.457563393316,2,1185.4
735,Twitter,EventPromotion,Gratitude,2025-01-28 21:21:00,2867.681177288651,0,0.0
447,TikTok,Campaign,AwarenessRaising,2025-01-29 00:11:00,275.49227642857403,0,0.0
796,Twitter,Campaign,Health,2025-01-29 08:26:00,9882.042766742996,4,7216.5
7,Instagram,ThankYou,Gratitude,2025-01-29 12:49:00,4546.002273632832,1,3763.66
600,Instagram,EventPromotion,SafehouseLife,2025-01-29 21:02:00,7457.414091487848,1,4294.43
25,LinkedIn,FundraisingAppeal,DonorImpact,2025-01-30 21:26:00,43619.590489670125,8,22050.31
128,WhatsApp,FundraisingAppeal,DonorImpact,2025-01-31 23:18:00,3086.7830089194117,1,4737.82
623,Facebook,ThankYou,SafehouseLife,2025-02-01 10:32:00,240.51247076424053,0,0.0
367,YouTube,Campaign,DonorImpact,2025-02-01 14:28:00,4290.167724492316,1,4634.25
413,Instagram,Campaign,Education,2025-02-04 12:10:00,57236.80401494427,20,68874.42
220,Facebook,EventPromotion,SafehouseLife,2025-02-05 18:21:00,4252.755264677873,0,0.0
384,TikTok,FundraisingAppeal,Reintegration,2025-02-05 21:58:00,149292.68210416692,41,197505.73
332,Facebook,FundraisingAppeal,Education,2025-02-06 08:52:00,4842.257670801362,2,3200.54
66,Facebook,ThankYou,SafehouseLife,2025-02-13 04:44:00,2.325777148125116,0,0.0
423,Twitter,ImpactStory,DonorImpact,2025-02-13 06:25:00,5117.1791212639,1,4463.68
636,Facebook,Campaign,SafehouseLife,2025-02-13 20:50:00,6167.253353650275,1,4461.1
339,Instagram,Campaign,EventRecap,2025-02-15 11:22:00,2755.9434575015666,0,0.0
133,YouTube,FundraisingAppeal,Reintegration,2025-02-18 03:30:00,25809.076593827685,4,17117.42
21,Instagram,ThankYou,Education,2025-02-19 21:26:00,3848.736220172528,1,1663.19
111,Instagram,Campaign,DonorImpact,2025-02-23 08:37:00,4871.25673918034,1,1234.17
14,YouTube,ImpactStory,Reintegration,2025-02-26 10:35:00,38235.94997989444,7,10319.38
728,LinkedIn,EducationalContent,DonorImpact,2025-02-26 14:41:00,54.611046175902885,0,0.0
205,Twitter,FundraisingAppeal,Education,2025-02-28 15:05:00,244.51350242962334,0,0.0
404,Twitter,ImpactStory,Education,2025-03-01 19:29:00,33026.09703449911,8,30055.99
268,WhatsApp,EventPromotion,DonorImpact,2025-03-02 10:50:00,17.783582004940676,0,0.0
622,Instagram,Campaign,EventRecap,2025-03-03 19:20:00,15992.534134252648,6,16853.22
270,TikTok,FundraisingAppeal,Gratitude,2025-03-07 21:47:00,68996.21589717935,33,66899.37
129,TikTok,Campaign,Health,2025-03-08 13:56:00,5850.1364537305235,1,4900.74
141,Facebook,EducationalContent,Education,2025-03-10 11:52:00,6820.285162290429,1,4283.56
472,Twitter,FundraisingAppeal,DonorImpact,2025-03-10 18:59:00,9345.523897715393,5,4427.77
250,Facebook,ThankYou,DonorImpact,2025-03-10 19:03:00,6787.842080156559,1,4570.12
458,WhatsApp,Campaign,Health,2025-03-13 03:41:00,361.8697337293982,0,0.0
235,Instagram,ThankYou,Gratitude,2025-03-13 05:46:00,29.09531964871909,0,0.0
204,Facebook,ThankYou,Gratitude,2025-03-13 20:53:00,29914.700104558524,3,7870.65
570,YouTube,EventPromotion,SafehouseLife,2025-03-15 14:22:00,3444.657526452285,1,2790.46
374,YouTube,Campaign,Reintegration,2025-03-16 14:15:00,38172.58332099968,32,33740.9
407,Twitter,Campaign,SafehouseLife,2025-03-17 15:09:00,2452.4075259416923,0,0.0
470,Facebook,FundraisingAppeal,EventRecap,2025-03-18 17:28:00,3986.174114012492,1,3573.52
326,Facebook,ImpactStory,Education,2025-03-18 18:42:00,22724.394150146487,9,11332.97
300,LinkedIn,ThankYou,SafehouseLife,2025-03-20 08:22:00,297.1271244242217,0,0.0
665,Instagram,ImpactStory,Education,2025-03-22 11:07:00,98104.05981241466,29,120932.42
242,Instagram,ImpactStory,Gratitude,2025-03-25 08:40:00,71758.39057797304,27,84324.62
435,Facebook,EducationalContent,SafehouseLife,2025-03-26 04:29:00,10.390875362410828,0,0.0
776,Facebook,EventPromotion,SafehouseLife,2025-03-26 06:11:00,5.035416037014005,0,0.0
751,TikTok,Campaign,AwarenessRaising,2025-03-27 13:02:00,16272.351795823948,6,17109.25
487,Instagram,EventPromotion,AwarenessRaising,2025-03-28 03:30:00,5.536527148125114,0,0.0
648,Facebook,FundraisingAppeal,DonorImpact,2025-04-01 08:05:00,2395.877930853856,2,1883.31
386,TikTok,Campaign,Gratitude,2025-04-02 10:12:00,247.62796764118085,0,0.0
513,Instagram,Campaign,Education,2025-04-06 01:41:00,287.2762894009488,0,0.0
29,LinkedIn,ImpactStory,Gratitude,2025-04-06 16:37:00,24839.38626577009,3,32716.98
540,TikTok,ThankYou,Education,2025-04-10 07:20:00,3119.6265384587623,1,936.39
151,Twitter,EventPromotion,CampaignLaunch,2025-04-12 17:14:00,33483.0135038959,12,12016.47
631,Facebook,ImpactStory,Education,2025-04-12 22:22:00,6226.611016862223,1,1778.19
656,Facebook,EventPromotion,EventRecap,2025-04-16 19:24:00,104.85582304802783,0,0.0
321,Instagram,EventPromotion,AwarenessRaising,2025-04-21 12:23:00,1586.56810329534,0,0.0
50,TikTok,Campaign,AwarenessRaising,2025-04-21 18:25:00,20458.37006100911,5,17438.29
790,Facebook,EventPromotion,Reintegration,2025-04-23 05:29:00,169.22569431252535,0,0.0
123,LinkedIn,Campaign,DonorImpact,2025-04-28 00:37:00,228.79910273733466,0,0.0
199,Instagram,Campaign,Gratitude,2025-05-01 01:05:00,276.77973649801845,0,0.0
752,Twitter,ThankYou,Education,2025-05-01 06:47:00,24.64583214812511,0,0.0
101,WhatsApp,Campaign,Gratitude,2025-05-03 01:10:00,13817.598876041666,1,5801.55
221,YouTube,FundraisingAppeal,SafehouseLife,2025-05-06 13:35:00,77335.56845928558,43,76132.85
812,Instagram,ThankYou,Education,2025-05-10 00:58:00,57.237627148125114,0,0.0
428,WhatsApp,EducationalContent,DonorImpact,2025-05-10 09:55:00,20601.391846321152,2,11474.97
317,Instagram,EducationalContent,SafehouseLife,2025-05-11 09:25:00,87.83360945205582,0,0.0
742,Facebook,Campaign,Reintegration,2025-05-11 15:40:00,4204.7982385005425,2,5489.72
397,Instagram,Campaign,Health,2025-05-11 19:23:00,43279.8880447134,18,48066.87
524,YouTube,ThankYou,DonorImpact,2025-05-12 18:58:00,16791.475773126713,4,8021.51
762,YouTube,ImpactStory,Education,2025-05-13 18:39:00,120515.75269225803,32,72173.17
395,Facebook,ThankYou,CampaignLaunch,2025-05-13 20:04:00,8625.89802227259,2,3159.01
433,TikTok,ImpactStory,SafehouseLife,2025-05-14 09:28:00,54591.06758192444,13,42027.97
608,Instagram,Campaign,Education,2025-05-14 21:57:00,22239.88403782283,16,18601.95
273,Instagram,ThankYou,Education,2025-05-15 20:24:00,873.5470377339539,0,0.0
156,TikTok,Campaign,AwarenessRaising,2025-05-16 03:12:00,1330.502112733799,1,642.15
695,Facebook,Campaign,AwarenessRaising,2025-05-17 19:00:00,13860.703828411775,9,5628.48
737,YouTube,EventPromotion,SafehouseLife,2025-05-18 10:25:00,641.5985372802683,1,1364.44
775,WhatsApp,ImpactStory,Health,2025-05-18 10:27:00,213191.3051383337,86,251175.03
166,Instagram,EventPromotion,Health,2025-05-20 08:13:00,173.8967341469123,0,0.0
460,Instagram,Campaign,Education,2025-05-22 08:18:00,8364.980669309021,2,1086.03
240,Facebook,Campaign,Education,2025-05-24 13:08:00,24142.242221644276,8,32171.7
38,YouTube,EducationalContent,Health,2025-05-24 14:52:00,107677.32142162677,17,83863.86
11,WhatsApp,Campaign,AwarenessRaising,2025-05-27 06:36:00,485.4020322619072,0,0.0
126,TikTok,ImpactStory,Education,2025-05-29 03:41:00,4188.489158989696,2,3056.64
595,Twitter,Campaign,AwarenessRaising,2025-05-30 22:30:00,3826.5888346356537,2,3274.29
518,Facebook,Campaign,DonorImpact,2025-05-31 17:44:00,20416.769216022538,9,20440.15
452,Instagram,EducationalContent,AwarenessRaising,2025-06-01 20:57:00,9239.04023166639,1,1511.92
585,Facebook,ImpactStory,DonorImpact,2025-06-04 19:37:00,182380.9271061108,62,82656.47
5,LinkedIn,ImpactStory,Gratitude,2025-06-08 16:50:00,11635.238355012609,1,4290.39
180,Instagram,ImpactStory,Health,2025-06-09 21:59:00,390495.3355000002,101,214655.68
97,LinkedIn,ThankYou,EventRecap,2025-06-10 09:29:00,1715.1037169043384,0,0.0
64,Instagram,ImpactStory,AwarenessRaising,2025-06-13 10:51:00,7378.167078828128,1,1226.78
464,Instagram,EducationalContent,AwarenessRaising,2025-06-20 11:05:00,35153.2153974042,8,34481.8
161,YouTube,ThankYou,AwarenessRaising,2025-06-20 23:55:00,165.5278828601403,0,0.0
417,Instagram,ThankYou,Reintegration,2025-06-21 18:51:00,47.08457790627538,0,0.0
230,Twitter,ImpactStory,Health,2025-06-22 08:38:00,224677.17201249956,80,216950.79
329,Twitter,EventPromotion,Health,2025-06-22 16:50:00,7.3471383777111665,0,0.0
68,TikTok,ImpactStory,Education,2025-06-23 08:24:00,126389.01101042322,29,102779.32
744,WhatsApp,ImpactStory,Gratitude,2025-06-24 18:52:00,119154.3739624998,22,74217.74
99,WhatsApp,ImpactStory,SafehouseLife,2025-06-25 03:11:00,23451.772809705883,0,0.0
85,Facebook,EventPromotion,Education,2025-06-28 14:43:00,70.45632961687106,0,0.0
550,Facebook,EventPromotion,SafehouseLife,2025-07-02 11:26:00,3165.170281375953,1,2028.35
223,TikTok,EventPromotion,CampaignLaunch,2025-07-02 21:51:00,68610.340080128,6,26793.54
293,Facebook,Campaign,Health,2025-07-05 22:58:00,71381.0966271225,34,75922.51
163,Instagram,Campaign,SafehouseLife,2025-07-07 06:56:00,9468.103763899451,4,9982.37
414,WhatsApp,ImpactStory,SafehouseLife,2025-07-08 05:33:00,22445.72105076922,0,0.0
747,Instagram,EducationalContent,EventRecap,2025-07-08 14:03:00,1093.5033194498449,0,0.0
571,Instagram,Campaign,Education,2025-07-08 21:36:00,13828.94715217487,7,12385.65
202,Twitter,EventPromotion,CampaignLaunch,2025-07-11 16:21:00,6.591157775830741,0,0.0
378,YouTube,EventPromotion,DonorImpact,2025-07-14 01:11:00,322.91030589228143,0,0.0
448,Facebook,Campaign,Education,2025-07-14 18:53:00,17174.592377265064,5,21324.41
592,Instagram,ImpactStory,Gratitude,2025-07-18 17:56:00,128050.19611975498,61,109113.87
574,LinkedIn,EventPromotion,CampaignLaunch,2025-07-19 20:37:00,2656.8957567159337,0,0.0
136,Instagram,EducationalContent,Education,2025-07-20 21:55:00,5753.475072205703,1,3066.37
588,Facebook,Campaign,Gratitude,2025-07-27 20:15:00,25086.58642755224,9,40628.07
382,Twitter,Campaign,Health,2025-08-02 17:20:00,23865.44914281611,8,29960.11
248,Twitter,ThankYou,DonorImpact,2025-08-02 18:40:00,5829.082073784616,2,6999.78
32,Facebook,FundraisingAppeal,CampaignLaunch,2025-08-02 18:53:00,25336.06814283757,20,11335.27
660,TikTok,ImpactStory,SafehouseLife,2025-08-05 06:43:00,31189.135825808706,5,22476.14
494,Instagram,ImpactStory,Reintegration,2025-08-06 14:22:00,128760.96510175387,85,73383.23
764,Facebook,FundraisingAppeal,Gratitude,2025-08-07 19:23:00,98748.36633745128,18,35422.2
755,Facebook,ImpactStory,Gratitude,2025-08-07 22:41:00,839.7392592316017,0,0.0
514,Twitter,EducationalContent,Gratitude,2025-08-08 23:05:00,471.4930690153872,0,0.0
130,Instagram,EventPromotion,CampaignLaunch,2025-08-13 01:39:00,92.45572322721966,0,0.0
700,WhatsApp,ImpactStory,Education,2025-08-13 09:01:00,98009.96183666673,14,80761.47
81,WhatsApp,EventPromotion,Gratitude,2025-08-18 11:47:00,4811.701890851683,1,4543.79
705,TikTok,EventPromotion,CampaignLaunch,2025-08-19 11:13:00,5.832207775830741,0,0.0
773,YouTube,Campaign,CampaignLaunch,2025-08-20 07:09:00,20887.64126664029,6,4492.94
158,Instagram,ThankYou,Health,2025-08-20 11:19:00,11505.22034743265,2,4750.57
140,TikTok,FundraisingAppeal,Health,2025-08-20 20:52:00,100840.70498129124,22,36089.79
483,Instagram,EventPromotion,SafehouseLife,2025-08-23 19:44:00,15990.063644470623,4,11716.5
216,Twitter,ImpactStory,EventRecap,2025-08-27 08:06:00,7546.908065595239,0,0.0
19,Twitter,Campaign,Education,2025-08-29 17:12:00,14874.800505674719,2,3026.4
95,Instagram,Campaign,Health,2025-09-03 15:21:00,14396.964988619638,5,16869.78
539,Twitter,ImpactStory,Gratitude,2025-09-03 15:22:00,11187.962413136891,3,14832.17
575,Instagram,ThankYou,EventRecap,2025-09-04 20:10:00,3065.5063751072717,0,0.0
508,Twitter,ImpactStory,Education,2025-09-05 08:43:00,86061.00716540014,30,104887.1
218,Instagram,Campaign,Reintegration,2025-09-05 15:22:00,8692.917105287095,1,3198.65
502,TikTok,ImpactStory,Health,2025-09-05 23:44:00,413122.0147749986,109,311938.91
302,YouTube,Campaign,AwarenessRaising,2025-09-06 15:55:00,37338.96066845992,18,29717.14
72,Facebook,EducationalContent,Gratitude,2025-09-07 00:16:00,34.53499317548472,0,0.0
687,Instagram,FundraisingAppeal,Reintegration,2025-09-09 00:55:00,9388.225971844717,3,9451.82
283,LinkedIn,EducationalContent,Health,2025-09-10 18:34:00,86.73126482114348,0,0.0
803,Facebook,ThankYou,SafehouseLife,2025-09-13 01:40:00,417.2139813938161,0,0.0
729,Facebook,EducationalContent,SafehouseLife,2025-09-13 19:33:00,4548.403643872508,1,1896.66
679,Twitter,ThankYou,Reintegration,2025-09-15 21:24:00,7.4293827036806706,0,0.0
233,LinkedIn,EducationalContent,Education,2025-09-17 21:24:00,6265.8144728087345,0,0.0
793,YouTube,FundraisingAppeal,SafehouseLife,2025-09-20 11:35:00,35340.47662012353,13,40307.89
316,YouTube,EducationalContent,SafehouseLife,2025-09-21 14:39:00,19248.48955335306,4,9181.27
501,Instagram,ThankYou,Gratitude,2025-09-22 21:04:00,8616.756931944241,2,3644.91
543,Facebook,EventPromotion,Health,2025-09-23 12:50:00,46.8287311049839,0,0.0
546,Instagram,FundraisingAppeal,SafehouseLife,2025-09-23 16:17:00,54311.35175097026,12,59679.37
805,TikTok,FundraisingAppeal,Education,2025-09-23 17:13:00,56614.6110039988,11,54535.81
60,Facebook,Campaign,Gratitude,2025-09-23 19:02:00,29558.526134576154,11,14478.1
346,WhatsApp,Campaign,Gratitude,2025-09-26 02:54:00,6631.805236597331,1,4595.01
366,TikTok,ThankYou,Education,2025-09-29 16:32:00,7828.924640771974,3,10232.07
147,Facebook,EventPromotion,Education,2025-10-01 14:51:00,259.5172990136249,0,0.0
674,LinkedIn,EducationalContent,Gratitude,2025-10-04 12:20:00,727.0083854637946,0,0.0
56,LinkedIn,Campaign,SafehouseLife,2025-10-04 15:32:00,1017.1846386996363,0,0.0
583,Twitter,EventPromotion,Health,2025-10-05 19:16:00,4855.4478233386335,3,5408.85
286,LinkedIn,ImpactStory,AwarenessRaising,2025-10-06 21:45:00,9339.239971428568,0,0.0
272,Facebook,FundraisingAppeal,Reintegration,2025-10-08 04:54:00,496.36466105653545,0,0.0
536,Facebook,ImpactStory,Gratitude,2025-10-11 14:09:00,13176.23355500706,3,12688.73
376,Instagram,ImpactStory,DonorImpact,2025-10-13 00:54:00,13835.603037361723,9,9272.57
176,YouTube,ImpactStory,DonorImpact,2025-10-15 12:53:00,289198.82087500003,85,309082.5
74,Facebook,FundraisingAppeal,Reintegration,2025-10-16 20:00:00,35791.46917423226,13,45013.32
155,LinkedIn,ThankYou,Education,2025-10-16 21:01:00,900.2088279953995,0,0.0
731,Twitter,ImpactStory,AwarenessRaising,2025-10-17 09:39:00,48708.15189664654,6,12049.65
534,Instagram,Campaign,Education,2025-10-17 20:05:00,40233.0198930182,24,21195.75
753,Instagram,Campaign,Education,2025-10-18 16:14:00,294.30827099130295,0,0.0
252,LinkedIn,Campaign,Reintegration,2025-10-19 02:32:00,9.355558292890215,0,0.0
611,Instagram,EducationalContent,DonorImpact,2025-10-20 07:41:00,109.15006883458304,0,0.0
83,YouTube,EducationalContent,AwarenessRaising,2025-10-20 15:09:00,18470.140287592152,3,11713.29
201,LinkedIn,ThankYou,CampaignLaunch,2025-10-21 11:08:00,1285.7851012138078,0,0.0
36,Facebook,EducationalContent,AwarenessRaising,2025-10-29 13:24:00,2807.1104675352863,1,1698.35
442,TikTok,ImpactStory,Education,2025-10-30 08:07:00,65734.50808846124,38,76648.93
58,WhatsApp,ImpactStory,Gratitude,2025-10-30 18:54:00,202802.20287102563,211,306434.93
459,WhatsApp,Campaign,CampaignLaunch,2025-10-31 05:58:00,301.3526198313518,0,0.0
544,Facebook,ThankYou,CampaignLaunch,2025-11-03 17:05:00,15813.497408929297,2,8834.04
394,Twitter,EventPromotion,SafehouseLife,2025-11-04 17:41:00,497.5181440296295,0,0.0
267,YouTube,EventPromotion,SafehouseLife,2025-11-06 05:47:00,133.34559067857785,0,0.0
668,Instagram,FundraisingAppeal,DonorImpact,2025-11-07 02:13:00,507.9118469625905,0,0.0
307,Facebook,EducationalContent,SafehouseLife,2025-11-07 19:53:00,174.2633646953709,0,0.0
347,Instagram,ImpactStory,Health,2025-11-08 09:09:00,79226.04456354433,20,99467.32
740,WhatsApp,ImpactStory,AwarenessRaising,2025-11-08 11:03:00,113399.48128250026,56,121665.48
67,Facebook,ImpactStory,CampaignLaunch,2025-11-08 20:30:00,249649.71011874947,77,300026.98
27,Instagram,EventPromotion,AwarenessRaising,2025-11-09 10:42:00,27125.210173233274,4,15689.17
601,Twitter,ThankYou,SafehouseLife,2025-11-10 04:14:00,35.560666037014,0,0.0
698,WhatsApp,EventPromotion,Gratitude,2025-11-10 07:37:00,70.85486744261527,0,0.0
725,Facebook,Campaign,DonorImpact,2025-11-12 21:46:00,4379.04415830759,2,4291.87
120,TikTok,Campaign,Health,2025-11-13 07:12:00,15672.913168957506,6,16232.01
686,Facebook,ImpactStory,DonorImpact,2025-11-14 08:20:00,79804.48404904675,21,98265.6
591,Instagram,EducationalContent,SafehouseLife,2025-11-14 20:34:00,366.3769694432852,0,0.0
113,TikTok,FundraisingAppeal,SafehouseLife,2025-11-15 03:55:00,511.17836727753667,0,0.0
200,Facebook,ImpactStory,Education,2025-11-17 15:43:00,176333.87085307704,75,331983.26
47,Facebook,EducationalContent,Education,2025-11-20 13:22:00,581.8789878539505,0,0.0
271,Twitter,EducationalContent,AwarenessRaising,2025-11-24 18:13:00,2943.5134617089616,0,0.0
653,YouTube,ImpactStory,Health,2025-11-25 01:03:00,23056.67121407197,5,7485.19
348,YouTube,EventPromotion,DonorImpact,2025-11-27 21:58:00,11.742327148125117,0,0.0
774,Facebook,ThankYou,Reintegration,2025-11-28 21:59:00,660.6532446449731,1,1109.52
398,WhatsApp,Campaign,CampaignLaunch,2025-11-29 08:49:00,13045.794175984554,7,17958.19
624,Facebook,ThankYou,AwarenessRaising,2025-12-01 01:18:00,28.693671037014,0,0.0
39,Instagram,ImpactStory,DonorImpact,2025-12-01 11:13:00,52157.21160110934,18,45343.2
183,Facebook,EducationalContent,CampaignLaunch,2025-12-02 22:17:00,6404.571134781599,1,637.53
44,YouTube,FundraisingAppeal,CampaignLaunch,2025-12-03 09:29:00,69942.56663346075,33,73449.82
399,Twitter,EventPromotion,Health,2025-12-05 13:02:00,3946.7026972479653,1,3793.24
497,WhatsApp,Campaign,DonorImpact,2025-12-08 21:28:00,224336.3706446369,86,319382.55
77,LinkedIn,ThankYou,CampaignLaunch,2025-12-10 10:26:00,46011.056253130446,8,43618.19
369,Facebook,EducationalContent,Gratitude,2025-12-11 04:12:00,1681.9769368277862,1,2276.85
289,TikTok,FundraisingAppeal,CampaignLaunch,2025-12-11 11:22:00,34272.242366100574,23,30722.78
439,LinkedIn,ImpactStory,CampaignLaunch,2025-12-12 07:56:00,145113.4369492946,18,40829.15
569,TikTok,FundraisingAppeal,DonorImpact,2025-12-13 01:23:00,47.23249894671738,0,0.0
629,Facebook,Campaign,CampaignLaunch,2025-12-15 13:03:00,11352.671986761561,8,12257.38
228,Facebook,ImpactStory,SafehouseLife,2025-12-15 18:45:00,121942.0303656315,38,137490.28
89,LinkedIn,Campaign,Health,2025-12-16 12:30:00,25293.9656559861,4,37265.09
310,Facebook,ThankYou,Health,2025-12-17 14:43:00,4026.186350460728,2,1130.77
232,Twitter,FundraisingAppeal,Health,2025-12-21 16:49:00,11949.72798393596,4,11067.91
187,TikTok,ImpactStory,Gratitude,2025-12-21 19:16:00,335006.01649999985,148,250326.5
766,Facebook,FundraisingAppeal,AwarenessRaising,2025-12-25 22:18:00,524.5524164863997,0,0.0
281,TikTok,ImpactStory,AwarenessRaising,2025-12-27 12:27:00,69232.9708063042,45,97677.53
676,Facebook,ThankYou,Reintegration,2025-12-29 14:14:00,247.6603409557829,0,0.0
41,Facebook,ThankYou,EventRecap,2025-12-29 19:52:00,3007.113464687303,2,1109.49
219,LinkedIn,EventPromotion,EventRecap,2026-01-02 10:22:00,20771.380010395922,2,20158.65
633,Facebook,ThankYou,DonorImpact,2026-01-02 17:08:00,353.45354287618665,0,0.0
422,YouTube,ImpactStory,Health,2026-01-04 13:35:00,223334.04198375015,79,180579.1
450,Instagram,ImpactStory,Education,2026-01-06 19:24:00,195589.20343089328,54,230195.28
107,TikTok,EducationalContent,Gratitude,2026-01-08 09:50:00,616.8979280559456,0,0.0
456,Instagram,EducationalContent,DonorImpact,2026-01-08 14:21:00,630.9112819938833,0,0.0
20,Instagram,EventPromotion,DonorImpact,2026-01-10 15:08:00,2033.5703590314165,0,0.0
217,Facebook,ImpactStory,CampaignLaunch,2026-01-11 11:55:00,31372.385585459328,14,51741.59
707,Twitter,EducationalContent,AwarenessRaising,2026-01-11 17:55:00,16.814974738568818,0,0.0
396,Facebook,EducationalContent,Health,2026-01-13 04:24:00,76.85973333183725,0,0.0
325,Facebook,ImpactStory,Education,2026-01-15 21:34:00,25620.750857469324,18,25119.96
782,Twitter,FundraisingAppeal,CampaignLaunch,2026-01-17 09:46:00,36216.98088023905,9,43888.15
651,YouTube,EventPromotion,Gratitude,2026-01-17 17:00:00,7496.592821557319,1,2521.9
375,Instagram,Campaign,SafehouseLife,2026-01-18 01:06:00,48.46525273733466,0,0.0
596,LinkedIn,ThankYou,DonorImpact,2026-01-18 11:22:00,1073.5726909703035,0,0.0
239,Twitter,EducationalContent,Education,2026-01-21 04:43:00,9.123109147112968,0,0.0
526,Facebook,ThankYou,AwarenessRaising,2026-01-21 14:34:00,415.0591031374191,0,0.0
685,Twitter,Campaign,Health,2026-01-22 10:09:00,11528.006215399315,6,4636.38
785,WhatsApp,ImpactStory,Reintegration,2026-01-22 21:33:00,134158.6650083331,32,144182.61
55,Twitter,ThankYou,Health,2026-01-24 07:25:00,7595.311155211371,1,2815.0
745,Instagram,ImpactStory,Reintegration,2026-01-24 07:31:00,26698.464167816754,10,9738.59
138,Facebook,Campaign,Education,2026-01-24 09:33:00,104967.2888106817,38,140544.68
167,Twitter,ImpactStory,DonorImpact,2026-01-25 03:27:00,581.5816641025641,0,0.0
541,WhatsApp,FundraisingAppeal,Reintegration,2026-01-27 15:10:00,1518.2070622404485,0,0.0
479,Instagram,ImpactStory,Gratitude,2026-01-29 00:24:00,1246.6883122619051,0,0.0
769,Facebook,ThankYou,CampaignLaunch,2026-01-29 19:03:00,10452.726434232074,3,12883.82
59,Facebook,ImpactStory,Reintegration,2026-01-30 04:11:00,14380.703793358349,2,9515.14
528,WhatsApp,ImpactStory,Education,2026-01-31 06:57:00,193480.83305833352,48,223927.07
484,Facebook,Campaign,SafehouseLife,2026-02-01 10:50:00,32694.84169578678,15,32818.02
24,WhatsApp,ImpactStory,AwarenessRaising,2026-02-01 17:06:00,157829.07241690476,46,149192.74
551,Facebook,EventPromotion,Education,2026-02-02 13:39:00,7199.651760171765,1,2931.25
474,LinkedIn,Campaign,Education,2026-02-03 02:34:00,540.382010307542,0,0.0
299,WhatsApp,ThankYou,CampaignLaunch,2026-02-04 10:08:00,163650.41004797994,10,34553.48
45,LinkedIn,Campaign,CampaignLaunch,2026-02-05 13:36:00,15094.02117305748,2,8785.05
171,Twitter,FundraisingAppeal,SafehouseLife,2026-02-07 09:05:00,21965.52975118576,7,19641.92
338,Facebook,ImpactStory,SafehouseLife,2026-02-07 10:25:00,955362.9190000012,162,283414.58
93,TikTok,FundraisingAppeal,CampaignLaunch,2026-02-07 21:14:00,69565.1698216941,21,64742.8
186,TikTok,EducationalContent,SafehouseLife,2026-02-08 12:52:00,201.07289205585693,0,0.0
520,Instagram,EducationalContent,Education,2026-02-08 14:50:00,6296.0711360464165,1,4513.15
51,Twitter,Campaign,SafehouseLife,2026-02-08 23:13:00,2346.946267771379,1,2417.52
444,TikTok,ImpactStory,SafehouseLife,2026-02-09 17:25:00,112454.01408502388,28,88138.96
429,Facebook,EventPromotion,Education,2026-02-10 06:10:00,532.0193990635656,0,0.0
280,Twitter,ThankYou,Health,2026-02-13 11:42:00,3269.685430065078,1,3703.21
112,LinkedIn,EventPromotion,SafehouseLife,2026-02-18 09:13:00,3910.18880939328,0,0.0
328,WhatsApp,ImpactStory,Gratitude,2026-02-18 17:25:00,117880.91117603982,33,135882.11
639,Facebook,ImpactStory,SafehouseLife,2026-02-20 18:20:00,127021.56448231034,51,99245.98
498,LinkedIn,ImpactStory,Reintegration,2026-02-21 09:54:00,319784.695880128,74,694686.66
245,Facebook,EducationalContent,AwarenessRaising,2026-02-21 23:46:00,369.6816996591042,0,0.0
214,Facebook,EventPromotion,SafehouseLife,2026-02-22 00:38:00,11290.404204619988,0,0.0
491,TikTok,EducationalContent,Reintegration,2026-02-23 11:05:00,825.2169576781594,0,0.0
251,YouTube,ImpactStory,SafehouseLife,2026-02-23 17:53:00,221720.95518846207,45,200716.59
581,Facebook,FundraisingAppeal,Gratitude,2026-02-26 21:56:00,60537.81582918537,19,77346.63
